pregunta,opcion1,opcion2,opcion3,correcta,bonus,fuente
"Según el material de 5.º, ¿por qué los británicos buscaron nuevos mercados hacia 1806?","Porque España les ofreció libre comercio en América","Por el bloqueo continental francés, que les impedía vender en Europa","Porque querían fundar colonias agrícolas en el sur",1,no,"Curricula5to — Las Invasiones Inglesas"
"¿Qué puerto estratégico del Río de la Plata intentaron conquistar los oficiales británicos en 1806?","Valparaíso","Buenos Aires","Lima",1,no,"Curricula5to — Las Invasiones Inglesas"
"¿En qué fecha desembarcaron los ingleses en Quilmes durante la primera invasión?","25 de junio de 1806","12 de agosto de 1806","25 de mayo de 1810",0,no,"Curricula5to — La primera invasión inglesa"
"¿Quién comandaba a las fuerzas británicas que ocuparon Buenos Aires en junio de 1806?","John Whitelocke","William Carr Beresford","Home Popham solamente, sin tropas de tierra",1,no,"Curricula5to — La primera invasión inglesa"
"Ante el avance inglés, ¿qué hizo el virrey Rafael de Sobremonte?","Organizó la defensa en la Plaza Mayor y venció a Beresford","Tomó el dinero y riquezas de la ciudad y se marchó a Córdoba","Firmó de inmediato la rendición y entregó el Fuerte",1,no,"Curricula5to — La primera invasión inglesa"
"¿Qué ocurrió con el botín que Sobremonte llevaba hacia Córdoba?","Llegó intacto a Córdoba y financió la reconquista","Fue interceptado por los británicos y enviado a la Corona inglesa","Lo escondieron los vecinos en Quilmes",1,si,"Curricula5to — La primera invasión inglesa"
"El 27 de junio de 1806, ¿qué hicieron los británicos en Buenos Aires?","Se retiraron a Montevideo sin combatir","Se apoderaron del Fuerte, ocuparon la ciudad y Beresford se declaró gobernador","Entregaron el mando al Cabildo español",1,no,"Curricula5to — La primera invasión inglesa"
"¿Quién encabezó la resistencia local para reconquistar Buenos Aires en 1806?","Manuel Belgrano como único jefe militar","Santiago de Liniers, capitán de origen francés al servicio de España","Juan Manuel de Rosas",1,no,"Curricula5to — La primera invasión inglesa"
"Según el texto escolar, ¿dónde combatieron las fuerzas locales contra los ingleses en la reconquista de 1806?","En los Corrales de Miserere y en la Plaza Mayor","Solo en la costa de Quilmes","Únicamente en Montevideo",0,no,"Curricula5to — La primera invasión inglesa"
"¿Qué día de 1806 presentó Beresford su rendición tras la primera invasión?","25 de junio de 1806","12 de agosto de 1806","7 de julio de 1807",1,no,"Curricula5to — La primera invasión inglesa"
"Después de la victoria de 1806, ¿qué previó Liniers?","Que España enviaría una flota a Londres","Que los ingleses volverían a intentar invadir","Que el virreinato se independizaría ese mismo año",1,no,"Curricula5to — La primera invasión inglesa"
"En la segunda invasión (1807), ¿quién comandaba a las fuerzas británicas?","William Carr Beresford","John Whitelocke","Rafael de Sobremonte",1,no,"Curricula5to — La segunda invasión inglesa"
"Además de atacar Buenos Aires, ¿qué puertos ocuparon los ingleses en 1807?","Solo Valparaíso y Callao","Colonia, Maldonado y Montevideo","Rosario y Santa Fe",1,si,"Curricula5to — La segunda invasión inglesa"
"¿Cómo se defendió Buenos Aires cuando ingresaron los ingleses en 1807?","Con una flota española llegada de Cádiz","Con barricadas, ataques desde azoteas, piedras, agua hirviendo y disparos","Abandonando la ciudad y refugiándose en Córdoba",1,no,"Curricula5to — La segunda invasión inglesa"
"¿Qué resultado tuvo la defensa porteña frente a Whitelocke?","Los ingleses ocuparon la ciudad durante un año","Pese a poca instrucción militar, las milicias se impusieron y Whitelocke firmó la rendición el 7 de julio","Sobremonte recuperó el mando y expulsó a Liniers",1,no,"Curricula5to — La segunda invasión inglesa"
"Según el impacto de las invasiones, ¿qué medida británica benefició a estancieros y comerciantes del Río de la Plata?","El restablecimiento del monopolio español","La reglamentación del libre comercio durante el breve gobierno británico","La prohibición de exportar cueros",1,si,"Curricula5to — El impacto de las invasiones"
"Tras las invasiones, ¿qué pasó con las milicias según el material escolar?","Desaparecieron al terminar el combate","Se convirtieron en cuerpos permanentes y empezaron a participar en la vida política","Fueron reemplazadas solo por tropas enviadas desde España",1,no,"Curricula5to — El impacto de las invasiones; Diseño curricular 2.º ciclo"
"El diseño curricular del 2.º ciclo señala a las invasiones inglesas como un factor que influyó en…","La fundación de la Universidad de Córdoba en 1613","El proceso revolucionario y el rol creciente de las milicias en Buenos Aires","La sanción de la Constitución de 1853 solamente",1,no,"2ciclo_Areas — Eje sociedades a través del tiempo"
"¿Qué institución convocó a vecinos y milicias para organizar la defensa en 1807?","La Real Audiencia de Charcas","El Cabildo","El Consulado de Londres",1,no,"Curricula5to — La segunda invasión inglesa"
"¿Cuál es una consecuencia social destacada de las Invasiones Inglesas en la población local?","Perdió todo interés por los asuntos de la ciudad","Al organizarse y defender el territorio, parte de la población se identificó más con los asuntos locales","Abandonó las milicias y dejó la política en manos exclusivas del virrey",1,si,"Curricula5to — El impacto de las invasiones"
